{
  "PlayerAnimationsId": "Item",
  "Categories": [
    "Furniture.Furniture"
  ],
  "Set": "",
  "IconProperties": {
    "Scale": 1,
    "Rotation": [
      0,
      66,
      54
    ],
    "Translation": [
      0.5,
      -2
    ]
  },
  "BlockType": {
    "BlockParticleSetId": "Clay",
    "BlockSoundSetId": "Clay_Pot_Small",
    "CustomModel": "Blocks/Resource/Gear.blockymodel",
    "CustomModelTexture": [
      {
        "Texture": "Blocks/Resource/gear.png",
        "Weight": 0
      }
    ],
    "DrawType": "Model",
    "Flags": {},
    "HitboxType": "Beam",
    "Gathering": {
      "Soft": {}
    },
    "Material": "Solid",
    "Opacity": "Semitransparent",
    "Support": {
      "Down": [
        {
          "FaceType": "Full"
        }
      ]
    },
    "VariantRotation": "NESW",
    "ParticleColor": "#ffffff",
    "Looping": true,
    "RequiresAlphaBlending": false,
    "CubeShadingMode": "Standard",
    "CustomModelScale": 0.8
  },
  "Icon": "Icons/ItemsGenerated/Violet_Resource_Gear.png",
  "Tags": {
    "Type": [
      "Furniture"
    ]
  },
  "TranslationProperties": {
    "Description": "",
    "Name": "items.Violet_Resource_Gear.name"
  },
  "ItemEntity": {
    "Physics": {
      "InvertedGravity": false
    }
  },
  "Recipe": {
    "BenchRequirement": [
      {
        "Id": "Workbench",
        "Type": "Crafting",
        "Categories": [
          "Workbench_Tinkering"
        ]
      }
    ],
    "Input": [
      {
        "ItemId": "Ingredient_Bar_Iron",
        "Quantity": 2
      }
    ]
  },
  "Scale": 1.3,
  "ItemSoundSetId": "ISS_Items_Gadget"
}
