{
  "TranslationProperties": {
    "Name": "items.Kyrian_Music_Box_IronMouse.name",
    "Description": "items.Kyrian_Music_Track_IronMouse.description"
  },
  "PlayerAnimationsId": "Block",
  "Categories": [
    "Blocks.Deco"
  ],
  "Set": "Furniture_Human",
  "Icon": "Icons/ItemsGenerated/Kyrian_Musicbox_IronMouse.png",
  "BlockType": {
    "BlockParticleSetId": "Dust",
    "BlockSoundSetId": "Wood",
    "CustomModel": "Blocks/music_box_ironmouse.blockymodel",
    "CustomModelTexture": [
      {
        "Texture": "Blocks/music_box_IronMouse.png",
        "Weight": 1
      }
    ],
    "DrawType": "Model",
    "Flags": {},
    "Gathering": {
      "Soft": {
        "IsWeaponBreakable": false
      }
    },
    "HitboxType": "Potion",
    "Material": "Solid",
    "Opacity": "Transparent",
    "Support": {
      "Down": [
        {
          "FaceType": "Full"
        }
      ]
    },
    "State": {
      "Definitions": {
        "Play": {
          "AmbientSoundEventId": "Music_Track_Slamma_MusicBox_IronMouse",
          "CustomModelScale": 0.9,
          "CustomModelAnimation": "Blocks/MusicBox_Play.blockyanim",
          "InteractionSoundEventId": "MusicSFX_MusicBox_IronMouse_Play",
          "InteractionHint": "interactionHints.music_music_box_stop",
          "Particles": [
            {
              "SystemId": "IronMouseMusicEmitter",
              "TargetNodeName": "Flame-Emitter",
              "Color": "#ffcd10",
              "Scale": 1.1
            }
          ]
        }
      }
    },
    "Interactions": {
      "Use": {
        "Interactions": [
          {
            "Type": "ChangeState",
            "Changes": {
              "default": "Play",
              "Play": "default"
            },
            "RunTime": 0
          }
        ]
      }
    },
    "InteractionHint": "interactionHints.music_music_box_play",
    "CustomModelScale": 0.9,
    "ParticleColor": "#ffffff",
    "VariantRotation": "NESW",
    "RandomRotation": "None",
    "Looping": true,
    "FlipType": "Orthogonal",
    "InteractionSoundEventId": "IronMouse_MusicSFX_Stop",
    "CustomModelAnimation": "Blocks/MusicBox_Stop.blockyanim"
  },
  "Tags": {
    "Type": [
      "Furniture"
    ],
    "Family": [
      "Human"
    ]
  },
  "ItemSoundSetId": "ISS_Items_Gadget",
  "Scale": 1.4,
  "Quality": "Common",
  "IconProperties": {
    "Scale": 0.8,
    "Rotation": [
      20,
      317,
      341
    ],
    "Translation": [
      -0.28,
      -9.5
    ]
  },
  "Utility": {
    "Compatible": false
  },
  "Recipe": {
    "Input": [
      {
        "ItemId": "Violet_Resource_Gear",
        "Quantity": 1
      },
      {
        "ResourceTypeId": "Wood_All",
        "Quantity": 2
      },
      {
        "ItemId": "Ingredient_Bar_Iron",
        "Quantity": 2
      },
      {
        "ItemId": "Ingredient_Life_Essence",
        "Quantity": 5
      }
    ],
    "BenchRequirement": [
      {
        "Type": "Crafting",
        "Id": "Bench_Music",
        "Categories": [
          "Violet_Music_Music_Boxes"
        ]
      }
    ],
    "TimeSeconds": 2
  }
}
