{
  "TranslationProperties": {
    "Name": "items.Violet_Music_Record_Player.name",
    "Description": "items.Violet_Music_Record_Player.description"
  },
  "PlayerAnimationsId": "Block",
  "Categories": [
    "Blocks.Deco"
  ],
  "Set": "Furniture_Human",
  "Icon": "Icons/ItemsGenerated/Violet_Record_Player.png",
  "BlockType": {
    "BlockParticleSetId": "Dust",
    "BlockSoundSetId": "Wood",
    "CustomModel": "Blocks/Furniture/Music/Record_Player/record_player_empty.blockymodel",
    "CustomModelTexture": [
      {
        "Texture": "Blocks/Furniture/Music/Record_Player/record_player.png",
        "Weight": 1
      }
    ],
    "DrawType": "Model",
    "Flags": {},
    "Gathering": {
      "Soft": {
        "IsWeaponBreakable": false
      },
      "Breaking": {
        "Quality": 2,
        "GatherType": "W"
      }
    },
    "HitboxType": "Potion",
    "Material": "Solid",
    "Opacity": "Transparent",
    "Support": {
      "Down": [
        {
          "FaceType": "Full"
        }
      ]
    },
    "State": {
      "Definitions": {
        "Close": {
          "CustomModelScale": 1,
          "CustomModelAnimation": "Blocks/Furniture/Music/Record_Player/Animation/full_close.blockyanim",
          "InteractionSoundEventId": "MusicSFX_Player_Shut",
          "InteractionHint": "interactionHints.music_record_player_open"
        },
        "Open": {
          "CustomModelScale": 1,
          "InteractionSoundEventId": "SFX_Attn_Quiet",
          "InteractionHint": "interactionHints.music_record_player_open"
        }
      }
    },
    "Interactions": {
      "Use": {
        "Interactions": [
          {
            "Type": "ChangeState",
            "Changes": {
              "default": "Close",
              "Close": "default",
              "Open": "Close"
            }
          }
        ]
      }
    },
    "InteractionHint": "interactionHints.music_record_player_close",
    "CustomModelScale": 1,
    "ParticleColor": "#ffffff",
    "VariantRotation": "NESW",
    "RandomRotation": "None",
    "Looping": true,
    "InteractionSoundEventId": "MusicSFX_Player_Open"
  },
  "Tags": {
    "Type": [
      "Furniture"
    ],
    "Family": [
      "Human"
    ]
  },
  "ItemSoundSetId": "ISS_Items_Gadget",
  "Recipe": {
    "Input": [
      {
        "ItemId": "Violet_Resource_Gear",
        "Quantity": 2
      },
      {
        "ResourceTypeId": "Wood_All",
        "Quantity": 3
      },
      {
        "ItemId": "Ingredient_Leather_Light",
        "Quantity": 2
      },
      {
        "ItemId": "Rock_Gem_Diamond",
        "Quantity": 1
      }
    ],
    "BenchRequirement": [
      {
        "Type": "Crafting",
        "Id": "Bench_Music",
        "Categories": [
          "Violet_Music_Music_Players"
        ]
      }
    ],
    "TimeSeconds": 2
  },
  "Scale": 1.4,
  "Quality": "Violet_Music_Musical",
  "Model": "Blocks/Furniture/Music/Record_Player/record_player_closed.blockymodel"
}
