{
  "TranslationProperties": {
    "Description": "items.Violet_Music_Track_Slamma_Lofi1.description",
    "Name": "items.Violet_Music_Track_Slamma4.name"
  },
  "PlayerAnimationsId": "Block",
  "Categories": [
    "Blocks.Structural"
  ],
  "Recipe": {
    "Input": [
      {
        "ItemId": "Ingredient_Bolt_Wool",
        "Quantity": 2
      },
      {
        "ItemId": "Plant_Petals_Pink",
        "Quantity": 1
      },
      {
        "ItemId": "Ingredient_Tree_Sap",
        "Quantity": 2
      }
    ],
    "BenchRequirement": [
      {
        "Id": "Bench_Music",
        "Categories": [
          "Violet_Music_Extra_Tracks"
        ]
      }
    ],
    "TimeSeconds": 1
  },
  "IconProperties": {
    "Scale": 0.8,
    "Rotation": [
      86.0,
      191.0,
      27.0
    ],
    "Translation": [
      -1.0,
      -1.0
    ]
  },
  "BlockType": {
    "BlockParticleSetId": "Dust",
    "BlockSoundSetId": "Cloth",
    "CustomModel": "Blocks/Furniture/Music_Track/music_track.blockymodel",
    "CustomModelTexture": [
      {
        "Texture": "Blocks/Furniture/Music_Track/music_track_slamma_lofi.png",
        "Weight": 1
      }
    ],
    "DrawType": "Model",
    "Flags": {},
    "Gathering": {
      "Soft": {}
    },
    "HitboxType": "Block_Flat",
    "Material": "Solid",
    "Opacity": "Transparent",
    "Support": {
      "Down": [
        {
          "FaceType": "Full"
        }
      ]
    },
    "VariantRotation": "NESW",
    "ParticleColor": "#ffffff",
    "CustomModelScale": 0.9
  },
  "Icon": "Icons/ItemsGenerated/Violet_Music_Track_Slamma2.png",
  "Tags": {
    "Type": [
      "Furniture"
    ],
    "Family": [
      "Kweebec"
    ]
  },
  "ItemSoundSetId": "ISS_Items_Paper",
  "Scale": 1.1,
  "Interactions": {
    "Secondary": {
      "Parent": "Music_Track_Slamma4"
    }
  },
  "InteractionConfig": {
    "Priorities": {
      "Secondary": 2
    }
  },
  "Quality": "Violet_Music_Musical"
}
