{
  "TranslationProperties": {
    "Name": "",
    "Description": ""
  },
  "PlayerAnimationsId": "Block",
  "Categories": [
    "Blocks.Deco"
  ],
  "Set": "Furniture_Human",
  "Icon": "Icons/ItemsGenerated/Violet_Record_Player.png",
  "BlockType": {
    "BlockParticleSetId": "Dust",
    "BlockSoundSetId": "Wood",
    "CustomModel": "Blocks/Furniture/Music/Record_Player/record_player.blockymodel",
    "CustomModelTexture": [
      {
        "Texture": "Blocks/Furniture/Music/Record_Player/record_player.png",
        "Weight": 1
      }
    ],
    "DrawType": "Model",
    "Flags": {},
    "Gathering": {
      "Soft": {
        "IsWeaponBreakable": false
      },
      "Breaking": {
        "Quality": 100,
        "ItemId": "Violet_Record_Player"
      }
    },
    "HitboxType": "Potion",
    "Material": "Solid",
    "Opacity": "Transparent",
    "Support": {
      "Down": [
        {
          "FaceType": "Full"
        }
      ]
    },
    "State": {
      "Definitions": {
        "Play": {
          "AmbientSoundEventId": "Music_Track_Slamma_BeyondTheZones",
          "CustomModelScale": 1,
          "CustomModelAnimation": "Blocks/Furniture/Music/Record_Player/Animation/full_play.blockyanim",
          "InteractionSoundEventId": "MusicSFX_Record_Play",
          "InteractionHint": "interactionHints.music_record_player_stop",
          "Particles": [
            {
              "SystemId": "MusicEmitter",
              "TargetNodeName": "Flame-Emitter",
              "Color": "#ffcd10",
              "Scale": 1.1
            }
          ]
        }
      }
    },
    "Interactions": {
      "Use": {
        "Interactions": [
          {
            "Type": "ChangeState",
            "Changes": {
              "default": "Play",
              "Play": "default"
            }
          }
        ]
      },
      "Primary": {
        "Interactions": [
          {
            "Type": "ChangeBlock",
            "Changes": {
              "Violet_Record_Player_Slamma2": "Violet_Record_Player"
            }
          }
        ]
      }
    },
    "InteractionHint": "interactionHints.music_record_player_play",
    "CustomModelScale": 1,
    "ParticleColor": "#ffffff",
    "VariantRotation": "NESW",
    "RandomRotation": "None",
    "Looping": true,
    "FlipType": "Orthogonal",
    "InteractionSoundEventId": "MusicSFX_Record_Stop"
  },
  "Tags": {
    "Type": [
      "Furniture"
    ],
    "Family": [
      "Human"
    ]
  },
  "ItemSoundSetId": "ISS_Items_Gadget",
  "Scale": 1,
  "Quality": "Violet_Music_Musical",
  "IconProperties": {
    "Scale": 0.6,
    "Rotation": [
      22.5,
      45.0,
      22.5
    ],
    "Translation": [
      1.0,
      -15.0
    ]
  },
  "Utility": {
    "Compatible": false
  },
  "Variant": true
}
